scenario,runs,min_s,median_s,mean_s,max_s,result_count
all-files,1,0.070409,0.070409,0.070409,0.070409,73
python-files,1,0.05602,0.05602,0.05602,0.05602,47
todo-content,1,0.058574,0.058574,0.058574,0.058574,10
