scenario,runs,min_s,median_s,mean_s,max_s,result_count
all-files,1,0.018384,0.018384,0.018384,0.018384,101
python-files,1,0.016311,0.016311,0.016311,0.016311,70
todo-content,1,0.020973,0.020973,0.020973,0.020973,0
