scenario,runs,min_s,median_s,mean_s,max_s,result_count
all-files,1,0.353088,0.353088,0.353088,0.353088,203
python-files,1,0.321681,0.321681,0.321681,0.321681,159
todo-content,1,0.340536,0.340536,0.340536,0.340536,1
