scenario,runs,min_s,median_s,mean_s,max_s,result_count
all-files,1,0.329904,0.329904,0.329904,0.329904,203
python-files,1,0.325408,0.325408,0.325408,0.325408,159
todo-content,1,0.340175,0.340175,0.340175,0.340175,1
