scenario,runs,min_s,median_s,mean_s,max_s,result_count
all-files,1,0.067752,0.067752,0.067752,0.067752,2100
python-files,1,0.04314,0.04314,0.04314,0.04314,1500
todo-content,1,0.106982,0.106982,0.106982,0.106982,600
