scenario,runs,min_s,median_s,mean_s,max_s,result_count
all-files,3,0.078999,0.079843,0.081509,0.085686,98
python-files,3,0.076083,0.076969,0.076763,0.077238,49
todo-content,3,0.078839,0.079267,0.081127,0.085275,13
