scenario,runs,min_s,median_s,mean_s,max_s,result_count
all-files,3,0.078779,0.081991,0.081012,0.082264,100
python-files,3,0.081646,0.084062,0.083367,0.084395,49
todo-content,3,0.082379,0.083161,0.085069,0.089668,13
