scenario,runs,min_s,median_s,mean_s,max_s,result_count
all-files,3,0.323884,0.354267,0.354951,0.386701,203
python-files,3,0.336929,0.340019,0.347026,0.364129,159
todo-content,3,0.371652,0.372253,0.374288,0.37896,1
