scenario,runs,min_s,median_s,mean_s,max_s,result_count
all-files,3,0.059036,0.060631,0.060553,0.061993,2100
python-files,3,0.04114,0.042917,0.042698,0.044037,1500
todo-content,3,0.113294,0.118373,0.118286,0.123191,600
